<?xml version="1.0" encoding="UTF-8"?>
<metadata xml:lang="es"><Esri><CreaDate>20210705</CreaDate><CreaTime>12223700</CreaTime><ArcGISFormat>1.0</ArcGISFormat><ArcGISstyle>ISO 19139 Metadata Implementation Specification</ArcGISstyle><SyncOnce>FALSE</SyncOnce><DataProperties><itemProps><itemName Sync="TRUE">Densidad_Poblacion_Manzana</itemName><imsContentType Sync="TRUE">002</imsContentType><itemSize Sync="TRUE">0.000</itemSize><itemLocation><linkage Sync="TRUE">file://\\DIEGO_BARRIENTO\Users\Dbarrientos\Desktop\GEODATOS ABIERTOS\Densidad\SHP\Densidad_Poblacion_Manzana.shp</linkage><protocol Sync="TRUE">Local Area Network</protocol></itemLocation></itemProps><coordRef><type Sync="TRUE">Geographic</type><geogcsn Sync="TRUE">GCS_SIRGAS_2000</geogcsn><csUnits Sync="TRUE">Angular Unit: Degree (0.017453)</csUnits><peXml Sync="TRUE">&lt;GeographicCoordinateSystem xsi:type='typens:GeographicCoordinateSystem' xmlns:xsi='http://www.w3.org/2001/XMLSchema-instance' xmlns:xs='http://www.w3.org/2001/XMLSchema' xmlns:typens='http://www.esri.com/schemas/ArcGIS/10.7'&gt;&lt;WKT&gt;GEOGCS[&amp;quot;GCS_SIRGAS_2000&amp;quot;,DATUM[&amp;quot;D_SIRGAS_2000&amp;quot;,SPHEROID[&amp;quot;GRS_1980&amp;quot;,6378137.0,298.257222101]],PRIMEM[&amp;quot;Greenwich&amp;quot;,0.0],UNIT[&amp;quot;Degree&amp;quot;,0.0174532925199433],AUTHORITY[&amp;quot;EPSG&amp;quot;,4674]]&lt;/WKT&gt;&lt;XOrigin&gt;-400&lt;/XOrigin&gt;&lt;YOrigin&gt;-400&lt;/YOrigin&gt;&lt;XYScale&gt;11258999068426.238&lt;/XYScale&gt;&lt;ZOrigin&gt;-100000&lt;/ZOrigin&gt;&lt;ZScale&gt;10000&lt;/ZScale&gt;&lt;MOrigin&gt;-100000&lt;/MOrigin&gt;&lt;MScale&gt;10000&lt;/MScale&gt;&lt;XYTolerance&gt;8.9831528411952133e-09&lt;/XYTolerance&gt;&lt;ZTolerance&gt;0.001&lt;/ZTolerance&gt;&lt;MTolerance&gt;0.001&lt;/MTolerance&gt;&lt;HighPrecision&gt;true&lt;/HighPrecision&gt;&lt;LeftLongitude&gt;-180&lt;/LeftLongitude&gt;&lt;WKID&gt;4674&lt;/WKID&gt;&lt;LatestWKID&gt;4674&lt;/LatestWKID&gt;&lt;/GeographicCoordinateSystem&gt;</peXml></coordRef><lineage><Process ToolSource="c:\program files (x86)\arcgis\desktop10.7\ArcToolbox\Toolboxes\Conversion Tools.tbx\FeatureClassToFeatureClass" Date="20210705" Time="122305">FeatureClassToFeatureClass "C:\Users\Dbarrientos\Desktop\GEODATOS ABIERTOS\Densidad\Densidad_Urbana_C2017.gdb\Densidad_Poblacion_Manzana" "C:\Users\Dbarrientos\Desktop\GEODATOS ABIERTOS\Densidad\SHP" Densidad_Poblacion_Manzana.shp # "REGION "NOMBRE DE REGIÓN" true true false 60 Text 0 0 ,First,#,C:\Users\Dbarrientos\Desktop\GEODATOS ABIERTOS\Densidad\Densidad_Urbana_C2017.gdb\Densidad_Poblacion_Manzana,REGION,-1,-1;PROVINCIA "NOMBRE DE PROVINCIA" true true false 60 Text 0 0 ,First,#,C:\Users\Dbarrientos\Desktop\GEODATOS ABIERTOS\Densidad\Densidad_Urbana_C2017.gdb\Densidad_Poblacion_Manzana,PROVINCIA,-1,-1;COMUNA "NOMBRE DE COMUNA" true true false 60 Text 0 0 ,First,#,C:\Users\Dbarrientos\Desktop\GEODATOS ABIERTOS\Densidad\Densidad_Urbana_C2017.gdb\Densidad_Poblacion_Manzana,COMUNA,-1,-1;URBANO "NOMBRE DE URBANO" true true false 50 Text 0 0 ,First,#,C:\Users\Dbarrientos\Desktop\GEODATOS ABIERTOS\Densidad\Densidad_Urbana_C2017.gdb\Densidad_Poblacion_Manzana,URBANO,-1,-1;COD_DISTRI "NÚMERO DE DISTRITO" true true false 2 Short 0 0 ,First,#,C:\Users\Dbarrientos\Desktop\GEODATOS ABIERTOS\Densidad\Densidad_Urbana_C2017.gdb\Densidad_Poblacion_Manzana,COD_DISTRITO,-1,-1;COD_ZONA "NÚMERO DE ZONA" true true false 2 Short 0 0 ,First,#,C:\Users\Dbarrientos\Desktop\GEODATOS ABIERTOS\Densidad\Densidad_Urbana_C2017.gdb\Densidad_Poblacion_Manzana,COD_ZONA,-1,-1;COD_MZ "NÚMERO DE MANZANA" true true false 2 Short 0 0 ,First,#,C:\Users\Dbarrientos\Desktop\GEODATOS ABIERTOS\Densidad\Densidad_Urbana_C2017.gdb\Densidad_Poblacion_Manzana,COD_MZ,-1,-1;GEOCODIGO "CÓDIGO MANZENT" true true false 20 Text 0 0 ,First,#,C:\Users\Dbarrientos\Desktop\GEODATOS ABIERTOS\Densidad\Densidad_Urbana_C2017.gdb\Densidad_Poblacion_Manzana,GEOCODIGO,-1,-1;TOTAL_PERS "TOTAL PERSONAS" true true false 8 Double 0 0 ,First,#,C:\Users\Dbarrientos\Desktop\GEODATOS ABIERTOS\Densidad\Densidad_Urbana_C2017.gdb\Densidad_Poblacion_Manzana,TOTAL_PERS,-1,-1;Sup_Ha "SUPERFICIE DE MANZANA EN HECTÁREAS" true true false 8 Double 0 0 ,First,#,C:\Users\Dbarrientos\Desktop\GEODATOS ABIERTOS\Densidad\Densidad_Urbana_C2017.gdb\Densidad_Poblacion_Manzana,Sup_Ha,-1,-1;Den_Pob "DENSIDAD DE POBLACIÓN (HAB/HÁ)" true true false 8 Double 0 0 ,First,#,C:\Users\Dbarrientos\Desktop\GEODATOS ABIERTOS\Densidad\Densidad_Urbana_C2017.gdb\Densidad_Poblacion_Manzana,Den_Pob,-1,-1;SHAPE_Leng "SHAPE_Leng" false true true 8 Double 0 0 ,First,#,C:\Users\Dbarrientos\Desktop\GEODATOS ABIERTOS\Densidad\Densidad_Urbana_C2017.gdb\Densidad_Poblacion_Manzana,SHAPE_Length,-1,-1;SHAPE_Area "SHAPE_Area" false true true 8 Double 0 0 ,First,#,C:\Users\Dbarrientos\Desktop\GEODATOS ABIERTOS\Densidad\Densidad_Urbana_C2017.gdb\Densidad_Poblacion_Manzana,SHAPE_Area,-1,-1" #</Process></lineage></DataProperties><SyncDate>20210705</SyncDate><SyncTime>12223700</SyncTime><ModDate>20210705</ModDate><ModTime>12223700</ModTime></Esri><dataIdInfo><envirDesc Sync="TRUE"> Version 6.2 (Build 9200) ; Esri ArcGIS 10.7.1.11595</envirDesc><dataLang><languageCode value="spa" Sync="TRUE"></languageCode><countryCode value="CHL" Sync="TRUE"></countryCode></dataLang><idCitation><resTitle Sync="TRUE">Densidad_Poblacion_Manzana</resTitle><presForm><PresFormCd value="005" Sync="TRUE"></PresFormCd></presForm></idCitation><spatRpType><SpatRepTypCd value="001" Sync="TRUE"></SpatRepTypCd></spatRpType></dataIdInfo><mdLang><languageCode value="spa" Sync="TRUE"></languageCode><countryCode value="CHL" Sync="TRUE"></countryCode></mdLang><mdChar><CharSetCd value="004" Sync="TRUE"></CharSetCd></mdChar><distInfo><distFormat><formatName Sync="TRUE">Shapefile</formatName></distFormat><distTranOps><transSize Sync="TRUE">0.000</transSize></distTranOps></distInfo><mdHrLv><ScopeCd value="005" Sync="TRUE"></ScopeCd></mdHrLv><mdHrLvName Sync="TRUE">dataset</mdHrLvName><refSysInfo><RefSystem><refSysID><identCode code="4674" Sync="TRUE"></identCode><idCodeSpace Sync="TRUE">EPSG</idCodeSpace><idVersion Sync="TRUE">7.8.3(9.2.0)</idVersion></refSysID></RefSystem></refSysInfo><spatRepInfo><VectSpatRep><geometObjs Name="Densidad_Poblacion_Manzana"><geoObjTyp><GeoObjTypCd value="002" Sync="TRUE"></GeoObjTypCd></geoObjTyp><geoObjCnt Sync="TRUE">0</geoObjCnt></geometObjs><topLvl><TopoLevCd value="001" Sync="TRUE"></TopoLevCd></topLvl></VectSpatRep></spatRepInfo><spdoinfo><ptvctinf><esriterm Name="Densidad_Poblacion_Manzana"><efeatyp Sync="TRUE">Simple</efeatyp><efeageom code="4" Sync="TRUE"></efeageom><esritopo Sync="TRUE">FALSE</esritopo><efeacnt Sync="TRUE">0</efeacnt><spindex Sync="TRUE">FALSE</spindex><linrefer Sync="TRUE">FALSE</linrefer></esriterm></ptvctinf></spdoinfo><eainfo><detailed Name="Densidad_Poblacion_Manzana"><enttyp><enttypl Sync="TRUE">Densidad_Poblacion_Manzana</enttypl><enttypt Sync="TRUE">Feature Class</enttypt><enttypc Sync="TRUE">0</enttypc></enttyp><attr><attrlabl Sync="TRUE">FID</attrlabl><attalias Sync="TRUE">FID</attalias><attrtype Sync="TRUE">OID</attrtype><attwidth Sync="TRUE">4</attwidth><atprecis Sync="TRUE">0</atprecis><attscale Sync="TRUE">0</attscale><attrdef Sync="TRUE">Internal feature number.</attrdef><attrdefs Sync="TRUE">Esri</attrdefs><attrdomv><udom Sync="TRUE">Sequential unique whole numbers that are automatically generated.</udom></attrdomv></attr><attr><attrlabl Sync="TRUE">Shape</attrlabl><attalias Sync="TRUE">Shape</attalias><attrtype Sync="TRUE">Geometry</attrtype><attwidth Sync="TRUE">0</attwidth><atprecis Sync="TRUE">0</atprecis><attscale Sync="TRUE">0</attscale><attrdef Sync="TRUE">Feature geometry.</attrdef><attrdefs Sync="TRUE">Esri</attrdefs><attrdomv><udom Sync="TRUE">Coordinates defining the features.</udom></attrdomv></attr><attr><attrlabl Sync="TRUE">REGION</attrlabl><attalias Sync="TRUE">REGION</attalias><attrtype Sync="TRUE">String</attrtype><attwidth Sync="TRUE">60</attwidth><atprecis Sync="TRUE">0</atprecis><attscale Sync="TRUE">0</attscale></attr><attr><attrlabl Sync="TRUE">PROVINCIA</attrlabl><attalias Sync="TRUE">PROVINCIA</attalias><attrtype Sync="TRUE">String</attrtype><attwidth Sync="TRUE">60</attwidth><atprecis Sync="TRUE">0</atprecis><attscale Sync="TRUE">0</attscale></attr><attr><attrlabl Sync="TRUE">COMUNA</attrlabl><attalias Sync="TRUE">COMUNA</attalias><attrtype Sync="TRUE">String</attrtype><attwidth Sync="TRUE">60</attwidth><atprecis Sync="TRUE">0</atprecis><attscale Sync="TRUE">0</attscale></attr><attr><attrlabl Sync="TRUE">URBANO</attrlabl><attalias Sync="TRUE">URBANO</attalias><attrtype Sync="TRUE">String</attrtype><attwidth Sync="TRUE">50</attwidth><atprecis Sync="TRUE">0</atprecis><attscale Sync="TRUE">0</attscale></attr><attr><attrlabl Sync="TRUE">COD_DISTRI</attrlabl><attalias Sync="TRUE">COD_DISTRI</attalias><attrtype Sync="TRUE">Integer</attrtype><attwidth Sync="TRUE">5</attwidth><atprecis Sync="TRUE">5</atprecis><attscale Sync="TRUE">0</attscale></attr><attr><attrlabl Sync="TRUE">COD_ZONA</attrlabl><attalias Sync="TRUE">COD_ZONA</attalias><attrtype Sync="TRUE">Integer</attrtype><attwidth Sync="TRUE">5</attwidth><atprecis Sync="TRUE">5</atprecis><attscale Sync="TRUE">0</attscale></attr><attr><attrlabl Sync="TRUE">COD_MZ</attrlabl><attalias Sync="TRUE">COD_MZ</attalias><attrtype Sync="TRUE">Integer</attrtype><attwidth Sync="TRUE">5</attwidth><atprecis Sync="TRUE">5</atprecis><attscale Sync="TRUE">0</attscale></attr><attr><attrlabl Sync="TRUE">GEOCODIGO</attrlabl><attalias Sync="TRUE">GEOCODIGO</attalias><attrtype Sync="TRUE">String</attrtype><attwidth Sync="TRUE">20</attwidth><atprecis Sync="TRUE">0</atprecis><attscale Sync="TRUE">0</attscale></attr><attr><attrlabl Sync="TRUE">TOTAL_PERS</attrlabl><attalias Sync="TRUE">TOTAL_PERS</attalias><attrtype Sync="TRUE">Double</attrtype><attwidth Sync="TRUE">19</attwidth><atprecis Sync="TRUE">0</atprecis><attscale Sync="TRUE">0</attscale></attr><attr><attrlabl Sync="TRUE">Sup_Ha</attrlabl><attalias Sync="TRUE">Sup_Ha</attalias><attrtype Sync="TRUE">Double</attrtype><attwidth Sync="TRUE">19</attwidth><atprecis Sync="TRUE">0</atprecis><attscale Sync="TRUE">0</attscale></attr><attr><attrlabl Sync="TRUE">Den_Pob</attrlabl><attalias Sync="TRUE">Den_Pob</attalias><attrtype Sync="TRUE">Double</attrtype><attwidth Sync="TRUE">19</attwidth><atprecis Sync="TRUE">0</atprecis><attscale Sync="TRUE">0</attscale></attr><attr><attrlabl Sync="TRUE">SHAPE_Leng</attrlabl><attalias Sync="TRUE">SHAPE_Leng</attalias><attrtype Sync="TRUE">Double</attrtype><attwidth Sync="TRUE">19</attwidth><atprecis Sync="TRUE">0</atprecis><attscale Sync="TRUE">0</attscale></attr><attr><attrlabl Sync="TRUE">SHAPE_Area</attrlabl><attalias Sync="TRUE">SHAPE_Area</attalias><attrtype Sync="TRUE">Double</attrtype><attwidth Sync="TRUE">19</attwidth><atprecis Sync="TRUE">0</atprecis><attscale Sync="TRUE">0</attscale><attrdef Sync="TRUE">Area of feature in internal units squared.</attrdef><attrdefs Sync="TRUE">Esri</attrdefs><attrdomv><udom Sync="TRUE">Positive real numbers that are automatically generated.</udom></attrdomv></attr></detailed></eainfo><mdDateSt Sync="TRUE">20210705</mdDateSt></metadata>
